<?xml version="1.0"?>
<?mso-application progid="Excel.Sheet"?>
<Workbook xmlns="urn:schemas-microsoft-com:office:spreadsheet"
 xmlns:o="urn:schemas-microsoft-com:office:office"
 xmlns:x="urn:schemas-microsoft-com:office:excel"
 xmlns:dt="uuid:C2F41010-65B3-11d1-A29F-00AA00C14882"
 xmlns:ss="urn:schemas-microsoft-com:office:spreadsheet"
 xmlns:html="http://www.w3.org/TR/REC-html40">
 <DocumentProperties xmlns="urn:schemas-microsoft-com:office:office">
  <Author>Kanika Yadav (external)</Author>
  <LastAuthor>Microsoft Office User</LastAuthor>
  <Created>2020-09-25T06:54:04Z</Created>
  <LastSaved>2021-12-22T19:07:50Z</LastSaved>
  <Version>16.00</Version>
 </DocumentProperties>
 <CustomDocumentProperties xmlns="urn:schemas-microsoft-com:office:office">
  <MSIP_Label_90c2fedb-0da6-4717-8531-d16a1b9930f4_Enabled dt:dt="string">true</MSIP_Label_90c2fedb-0da6-4717-8531-d16a1b9930f4_Enabled>
  <MSIP_Label_90c2fedb-0da6-4717-8531-d16a1b9930f4_SetDate dt:dt="string">2021-02-23T09:13:03Z</MSIP_Label_90c2fedb-0da6-4717-8531-d16a1b9930f4_SetDate>
  <MSIP_Label_90c2fedb-0da6-4717-8531-d16a1b9930f4_Method dt:dt="string">Standard</MSIP_Label_90c2fedb-0da6-4717-8531-d16a1b9930f4_Method>
  <MSIP_Label_90c2fedb-0da6-4717-8531-d16a1b9930f4_Name dt:dt="string">90c2fedb-0da6-4717-8531-d16a1b9930f4</MSIP_Label_90c2fedb-0da6-4717-8531-d16a1b9930f4_Name>
  <MSIP_Label_90c2fedb-0da6-4717-8531-d16a1b9930f4_SiteId dt:dt="string">45597f60-6e37-4be7-acfb-4c9e23b261ea</MSIP_Label_90c2fedb-0da6-4717-8531-d16a1b9930f4_SiteId>
  <MSIP_Label_90c2fedb-0da6-4717-8531-d16a1b9930f4_ActionId dt:dt="string"></MSIP_Label_90c2fedb-0da6-4717-8531-d16a1b9930f4_ActionId>
  <MSIP_Label_90c2fedb-0da6-4717-8531-d16a1b9930f4_ContentBits dt:dt="string">0</MSIP_Label_90c2fedb-0da6-4717-8531-d16a1b9930f4_ContentBits>
  <MSIP_Label_88914ebd-7e6c-4e12-a031-a9906be2db14_Enabled dt:dt="string">true</MSIP_Label_88914ebd-7e6c-4e12-a031-a9906be2db14_Enabled>
  <MSIP_Label_88914ebd-7e6c-4e12-a031-a9906be2db14_SetDate dt:dt="string">2022-01-14T16:33:39Z</MSIP_Label_88914ebd-7e6c-4e12-a031-a9906be2db14_SetDate>
  <MSIP_Label_88914ebd-7e6c-4e12-a031-a9906be2db14_Method dt:dt="string">Privileged</MSIP_Label_88914ebd-7e6c-4e12-a031-a9906be2db14_Method>
  <MSIP_Label_88914ebd-7e6c-4e12-a031-a9906be2db14_Name dt:dt="string">AMD Official Use Only-AIP 2.0</MSIP_Label_88914ebd-7e6c-4e12-a031-a9906be2db14_Name>
  <MSIP_Label_88914ebd-7e6c-4e12-a031-a9906be2db14_SiteId dt:dt="string">3dd8961f-e488-4e60-8e11-a82d994e183d</MSIP_Label_88914ebd-7e6c-4e12-a031-a9906be2db14_SiteId>
  <MSIP_Label_88914ebd-7e6c-4e12-a031-a9906be2db14_ActionId dt:dt="string">3ab6c0f7-c658-4f6f-bd9d-6ef921551ff7</MSIP_Label_88914ebd-7e6c-4e12-a031-a9906be2db14_ActionId>
  <MSIP_Label_88914ebd-7e6c-4e12-a031-a9906be2db14_ContentBits dt:dt="string">1</MSIP_Label_88914ebd-7e6c-4e12-a031-a9906be2db14_ContentBits>
 </CustomDocumentProperties>
 <OfficeDocumentSettings xmlns="urn:schemas-microsoft-com:office:office">
  <AllowPNG/>
 </OfficeDocumentSettings>
 <ExcelWorkbook xmlns="urn:schemas-microsoft-com:office:excel">
  <WindowHeight>14235</WindowHeight>
  <WindowWidth>32767</WindowWidth>
  <WindowTopX>32767</WindowTopX>
  <WindowTopY>32767</WindowTopY>
  <ProtectStructure>False</ProtectStructure>
  <ProtectWindows>False</ProtectWindows>
 </ExcelWorkbook>
 <Styles>
  <Style ss:ID="Default" ss:Name="Normal">
   <Alignment ss:Vertical="Bottom"/>
   <Borders/>
   <Font ss:FontName="SwissReSans" x:Family="Swiss" ss:Size="11" ss:Color="#000000"/>
   <Interior/>
   <NumberFormat/>
   <Protection/>
  </Style>
  <Style ss:ID="s16" ss:Name="Comma">
   <NumberFormat ss:Format="_(* #,##0.00_);_(* \(#,##0.00\);_(* &quot;-&quot;??_);_(@_)"/>
  </Style>
  <Style ss:ID="s62">
   <Font ss:FontName="Arial" x:Family="Swiss" ss:Size="11" ss:Color="#333333"
    ss:Bold="1"/>
  </Style>
  <Style ss:ID="s63">
   <Font ss:FontName="Arial" x:Family="Swiss" ss:Color="#000000"/>
  </Style>
  <Style ss:ID="s65" ss:Parent="s16">
   <Font ss:FontName="Arial" x:Family="Swiss" ss:Color="#000000"/>
   <NumberFormat ss:Format="@"/>
  </Style>
  <Style ss:ID="s66">
   <Alignment ss:Vertical="Bottom" ss:WrapText="1"/>
  </Style>
  <Style ss:ID="s67">
   <Font ss:FontName="Arial" x:Family="Swiss" ss:Size="11" ss:Color="#333333"/>
  </Style>
 </Styles>
 <Worksheet ss:Name="Sheet1">
  <Table ss:ExpandedColumnCount="5" ss:ExpandedRowCount="8" x:FullColumns="1"
   x:FullRows="1" ss:DefaultColumnWidth="60" ss:DefaultRowHeight="14.25">
   <Column ss:Width="378"/>
   <Column ss:Width="348.75"/>
   <Column ss:AutoFitWidth="0" ss:Width="147.75"/>
   <Row ss:AutoFitHeight="0">
    <Cell><Data ss:Type="String">Filename</Data></Cell>
    <Cell><Data ss:Type="String">Title</Data></Cell>
    <Cell><Data ss:Type="String">Categories</Data></Cell>
    <Cell><Data ss:Type="String">Version</Data></Cell>
    <Cell><Data ss:Type="String">Doc Type</Data></Cell>
   </Row>
   <Row ss:AutoFitHeight="0" ss:Height="15">
    <Cell ss:StyleID="s62"><Data ss:Type="String">MAP</Data></Cell>
    <Cell ss:Index="3" ss:StyleID="s63"><Data ss:Type="String">rocm;hip-sdk;hip;gpu;amd;blas;rocblas</Data></Cell>
    <Cell ss:StyleID="s65"><Data ss:Type="String">4-5</Data></Cell>
   </Row>
   <Row ss:AutoFitHeight="0" ss:Height="15">
    <Cell ss:StyleID="s62"><Data ss:Type="String">apply-ALL</Data></Cell>
   </Row>
   <Row ss:AutoFitHeight="0" ss:Height="15">
    <Cell ss:StyleID="s62"><Data ss:Type="String">default</Data></Cell>
   </Row>
   <Row ss:AutoFitHeight="0">
    <Cell><Data ss:Type="String">rocBLAS API Guide </Data></Cell>
    <Cell ss:StyleID="s66"/>
    <Cell ss:Index="5" ss:StyleID="s63"><Data ss:Type="String">reference </Data></Cell>
   </Row>
   <Row ss:AutoFitHeight="0">
    <Cell ss:StyleID="s67"/>
    <Cell ss:StyleID="s66"/>
    <Cell ss:StyleID="s63"/>
    <Cell ss:StyleID="s65"/>
    <Cell ss:StyleID="s63"/>
   </Row>
   <Row ss:AutoFitHeight="0">
    <Cell ss:Index="2" ss:StyleID="s66"/>
    <Cell ss:StyleID="s63"/>
    <Cell ss:StyleID="s65"/>
    <Cell ss:StyleID="s63"/>
   </Row>
   <Row ss:AutoFitHeight="0">
    <Cell ss:Index="3" ss:StyleID="s63"/>
    <Cell ss:StyleID="s65"/>
    <Cell ss:StyleID="s63"/>
   </Row>
  </Table>
  <WorksheetOptions xmlns="urn:schemas-microsoft-com:office:excel">
   <PageSetup>
    <Header x:Margin="0.3"
     x:Data="&amp;L&amp;&quot;Arial&quot;&amp;10&amp;K0000FF[AMD Official Use Only]&amp;1#"/>
    <Footer x:Margin="0.3"/>
    <PageMargins x:Bottom="0.75" x:Left="0.7" x:Right="0.7" x:Top="0.75"/>
   </PageSetup>
   <Unsynced/>
   <Print>
    <ValidPrinterInfo/>
    <HorizontalResolution>200</HorizontalResolution>
    <VerticalResolution>200</VerticalResolution>
   </Print>
   <Selected/>
   <Panes>
    <Pane>
     <Number>3</Number>
     <ActiveRow>35</ActiveRow>
     <ActiveCol>1</ActiveCol>
    </Pane>
   </Panes>
   <ProtectObjects>False</ProtectObjects>
   <ProtectScenarios>False</ProtectScenarios>
  </WorksheetOptions>
 </Worksheet>
 <Worksheet ss:Name="Sheet2">
  <Table ss:ExpandedColumnCount="1" ss:ExpandedRowCount="1" x:FullColumns="1"
   x:FullRows="1" ss:DefaultColumnWidth="60" ss:DefaultRowHeight="14.25">
   <Row ss:AutoFitHeight="0"/>
  </Table>
  <WorksheetOptions xmlns="urn:schemas-microsoft-com:office:excel">
   <PageSetup>
    <Header x:Margin="0.3"
     x:Data="&amp;L&amp;&quot;Arial&quot;&amp;10&amp;K0000FF[AMD Official Use Only]&amp;1#"/>
    <Footer x:Margin="0.3"/>
    <PageMargins x:Bottom="0.75" x:Left="0.7" x:Right="0.7" x:Top="0.75"/>
   </PageSetup>
   <Unsynced/>
   <Print>
    <ValidPrinterInfo/>
    <HorizontalResolution>200</HorizontalResolution>
    <VerticalResolution>200</VerticalResolution>
   </Print>
   <ProtectObjects>False</ProtectObjects>
   <ProtectScenarios>False</ProtectScenarios>
  </WorksheetOptions>
 </Worksheet>
 <Worksheet ss:Name="Sheet3">
  <Table ss:ExpandedColumnCount="1" ss:ExpandedRowCount="1" x:FullColumns="1"
   x:FullRows="1" ss:DefaultColumnWidth="60" ss:DefaultRowHeight="14.25">
   <Row ss:AutoFitHeight="0"/>
  </Table>
  <WorksheetOptions xmlns="urn:schemas-microsoft-com:office:excel">
   <PageSetup>
    <Header x:Margin="0.3"
     x:Data="&amp;L&amp;&quot;Arial&quot;&amp;10&amp;K0000FF[AMD Official Use Only]&amp;1#"/>
    <Footer x:Margin="0.3"/>
    <PageMargins x:Bottom="0.75" x:Left="0.7" x:Right="0.7" x:Top="0.75"/>
   </PageSetup>
   <Unsynced/>
   <Print>
    <ValidPrinterInfo/>
    <HorizontalResolution>200</HorizontalResolution>
    <VerticalResolution>200</VerticalResolution>
   </Print>
   <ProtectObjects>False</ProtectObjects>
   <ProtectScenarios>False</ProtectScenarios>
  </WorksheetOptions>
 </Worksheet>
</Workbook>
